{
  "accuracy": 0.8167808219178082,
  "precision": 0.8083333333333333,
  "recall": 0.8304794520547946,
  "f1_score": 0.8192567567567568,
  "roc_auc": 0.9041623662976168
}