{
  "accuracy": 0.8356164383561644,
  "precision": 0.8301886792452831,
  "recall": 0.8438356164383561,
  "f1_score": 0.8369565217391305,
  "roc_auc": 0.9166991930943893
}