{
  "accuracy": 0.7303082191780822,
  "precision": 0.71658615136876,
  "recall": 0.761986301369863,
  "f1_score": 0.7385892116182573,
  "roc_auc": 0.7952286428035279
}