{
  "accuracy": 0.853595890410959,
  "precision": 0.8211508553654744,
  "recall": 0.9041095890410958,
  "f1_score": 0.8606356968215159,
  "roc_auc": 0.9236401060236441
}