{
  "accuracy": 0.8410108979073344,
  "precision": 0.6239750097618117,
  "recall": 0.8760964912280702,
  "f1_score": 0.72884834663626,
  "roc_auc": 0.9265539701728014
}