{
  "0": {
    "precision": 0.8430813124108416,
    "recall": 0.8095890410958904,
    "f1-score": 0.8259958071278826,
    "support": 730.0
  },
  "1": {
    "precision": 0.8168642951251647,
    "recall": 0.8493150684931506,
    "f1-score": 0.8327736736064473,
    "support": 730.0
  },
  "accuracy": 0.8294520547945206,
  "macro avg": {
    "precision": 0.8299728037680032,
    "recall": 0.8294520547945206,
    "f1-score": 0.8293847403671649,
    "support": 1460.0
  },
  "weighted avg": {
    "precision": 0.8299728037680032,
    "recall": 0.8294520547945206,
    "f1-score": 0.829384740367165,
    "support": 1460.0
  }
}