{
  "accuracy": 0.661897439326068,
  "precision": 0.399800881809131,
  "recall": 0.7705592105263158,
  "f1_score": 0.5264537878078471,
  "roc_auc": 0.7547920952183713
}