{
  "0": {
    "precision": 0.7446153846153846,
    "recall": 0.663013698630137,
    "f1-score": 0.7014492753623188,
    "support": 730.0
  },
  "1": {
    "precision": 0.6962962962962963,
    "recall": 0.7726027397260274,
    "f1-score": 0.7324675324675325,
    "support": 730.0
  },
  "accuracy": 0.7178082191780822,
  "macro avg": {
    "precision": 0.7204558404558404,
    "recall": 0.7178082191780822,
    "f1-score": 0.7169584039149257,
    "support": 1460.0
  },
  "weighted avg": {
    "precision": 0.7204558404558405,
    "recall": 0.7178082191780822,
    "f1-score": 0.7169584039149257,
    "support": 1460.0
  }
}