{
  "0": {
    "precision": 0.8963414634146342,
    "recall": 0.8054794520547945,
    "f1-score": 0.8484848484848485,
    "support": 730.0
  },
  "1": {
    "precision": 0.8233830845771144,
    "recall": 0.9068493150684932,
    "f1-score": 0.863102998696219,
    "support": 730.0
  },
  "accuracy": 0.8561643835616438,
  "macro avg": {
    "precision": 0.8598622739958743,
    "recall": 0.8561643835616439,
    "f1-score": 0.8557939235905337,
    "support": 1460.0
  },
  "weighted avg": {
    "precision": 0.8598622739958743,
    "recall": 0.8561643835616438,
    "f1-score": 0.8557939235905337,
    "support": 1460.0
  }
}