{
  "accuracy": 0.8765795279802099,
  "precision": 0.6717499046892871,
  "recall": 0.9660087719298246,
  "f1_score": 0.7924443445019114,
  "roc_auc": 0.9771516131578172
}